{"version":12,"screenWidth":1080,"screenHeight":2160,"scenario":{"scenario":{"id":2,"name":"freebitco.in","detectionQuality":1200,"endConditionOperator":2},"events":[{"event":{"id":14,"scenarioId":2,"name":"Down","conditionOperator":1,"priority":0},"actions":[{"action":{"id":38,"eventId":14,"name":"Rola a página","type":"SWIPE","fromX":1061,"fromY":1998,"toX":58,"toY":93,"swipeDuration":3000},"intentExtras":[]},{"action":{"id":39,"eventId":14,"priority":1,"name":"Rola a página","type":"SWIPE","fromX":1061,"fromY":1998,"toX":58,"toY":93,"swipeDuration":3000},"intentExtras":[]},{"action":{"id":40,"eventId":14,"priority":2,"name":"Rola a página","type":"SWIPE","fromX":1061,"fromY":1998,"toX":58,"toY":93,"swipeDuration":4000},"intentExtras":[]}],"conditions":[{"id":105,"eventId":14,"name":"Condition","path":"Condition_248179741","areaLeft":358,"areaTop":1396,"areaRight":716,"areaBottom":1658,"threshold":14,"detectionType":2,"shouldBeDetected":false,"detectionAreaLeft":358,"detectionAreaTop":1396,"detectionAreaRight":716,"detectionAreaBottom":1658},{"id":226,"eventId":14,"name":"Condition","path":"Condition_1468780890","areaLeft":564,"areaTop":500,"areaRight":917,"areaBottom":621,"threshold":14,"detectionType":2,"shouldBeDetected":true}]},{"event":{"id":30,"scenarioId":2,"name":"Human","conditionOperator":1,"priority":1},"actions":[{"action":{"id":101,"eventId":30,"name":"1 Marca \"Sou humano\"","type":"CLICK","clickPositionType":"USER_SELECTED","x":154,"y":1266,"pressDuration":1},"intentExtras":[]},{"action":{"id":102,"eventId":30,"priority":1,"name":"Espera 10s","type":"PAUSE","pauseDuration":7000},"intentExtras":[]}],"conditions":[{"id":224,"eventId":30,"name":"Condition","path":"Condition_248179741","areaLeft":358,"areaTop":1396,"areaRight":716,"areaBottom":1658,"threshold":14,"detectionType":2,"shouldBeDetected":true,"detectionAreaLeft":358,"detectionAreaTop":1396,"detectionAreaRight":716,"detectionAreaBottom":1658},{"id":225,"eventId":30,"name":"Condition","path":"Condition_539381118","areaLeft":224,"areaTop":1639,"areaRight":866,"areaBottom":1760,"threshold":14,"detectionType":2,"shouldBeDetected":true},{"id":227,"eventId":30,"name":"Condition","path":"Condition_1600296071","areaLeft":141,"areaTop":1238,"areaRight":216,"areaBottom":1314,"threshold":14,"detectionType":2,"shouldBeDetected":false}]},{"event":{"id":31,"scenarioId":2,"name":"ROLL","conditionOperator":1,"priority":2},"actions":[{"action":{"id":106,"eventId":31,"name":"ROLL","type":"CLICK","clickPositionType":"ON_DETECTED_CONDITION","x":154,"y":1266,"clickOnConditionId":228,"pressDuration":1},"intentExtras":[]}],"conditions":[{"id":228,"eventId":31,"name":"Condition","path":"Condition_248179741","areaLeft":358,"areaTop":1396,"areaRight":716,"areaBottom":1658,"threshold":14,"detectionType":2,"shouldBeDetected":true,"detectionAreaLeft":358,"detectionAreaTop":1396,"detectionAreaRight":716,"detectionAreaBottom":1658},{"id":229,"eventId":31,"name":"Condition","path":"Condition_539381118","areaLeft":224,"areaTop":1639,"areaRight":866,"areaBottom":1760,"threshold":14,"detectionType":2,"shouldBeDetected":true},{"id":230,"eventId":31,"name":"Condition","path":"Condition_1600296071","areaLeft":141,"areaTop":1238,"areaRight":216,"areaBottom":1314,"threshold":14,"detectionType":2,"shouldBeDetected":true}]}],"endConditions":[]}}